{
  "metrics": {
    "linear_regression": {
      "mae": 3.1487373170237607,
      "rmse": 4.999938478631848,
      "r2": 0.6591013893903512
    },
    "ridge": {
      "mae": 3.132418880012317,
      "rmse": 5.004513117295269,
      "r2": 0.6584773011583696
    },
    "random_forest": {
      "mae": 2.0101004901960793,
      "rmse": 3.289841834489296,
      "r2": 0.8524137330772309
    },
    "xgboost": {
      "mae": 1.8004595672383026,
      "rmse": 2.366121348209503,
      "r2": 0.923656874182896
    }
  },
  "selection": {
    "criterion": "rmse",
    "best": "xgboost"
  }
}