{
  "linear_regression": {
    "mae": 3.1487373170237607,
    "rmse": 4.999938478631848,
    "r2": 0.6591013893903512
  },
  "random_forest": {
    "mae": 2.072980392156861,
    "rmse": 2.964134504649842,
    "r2": 0.880190370890214
  },
  "ridge": {
    "mae": 3.1456956765882973,
    "rmse": 5.000271733205551,
    "r2": 0.6590559449083203
  },
  "xgboost": {
    "mae": 1.8726704700320373,
    "rmse": 2.7007916758439676,
    "r2": 0.900533214543681
  }
}