{
  "per_model": {
    "linear_regression": {
      "mae": 3.148737317023762,
      "rmse": 4.999938478631848,
      "r2": 0.6591013893903511
    },
    "ridge": {
      "mae": 3.1337000039017875,
      "rmse": 5.005677259421852,
      "r2": 0.6583183937106631
    },
    "random_forest": {
      "mae": 2.06703230359776,
      "rmse": 2.961908929584155,
      "r2": 0.880370217803015
    },
    "xgboost": {
      "mae": 1.8479165806489832,
      "rmse": 2.4951022045734965,
      "r2": 0.9151068614903284
    }
  },
  "best": {
    "name": "xgboost",
    "rmse": 2.4951022045734965
  },
  "evaluated_at": "2025-10-09T13:46:23.497393+00:00"
}